Site_Code,Orchard_Area_m2,Time_Point,Calendar_Date,Site_Letters_in_Supplement,Ag_250m,Forest_250m,Open_250m,Other_250m,WetShrub_250m,Urban_250m,Apples_250m,Ag_500m,Forest_500m,Open_500m,Other_500m,WetShrub_500m,Urban_500m,Apples_500m,Ag_750m,Forest_750m,Open750m,Other_750m,ShrubWet_750m,Urban_750m,Apples_750m,Ag_1000m,Forest_1000m,Open_1000m,Other_1000m,ShrubWet_1000m,Urban_1000m,Apples_1000m,Ag_1250m,Forest_1250m,Open_1250m,Other_1250m,ShrubWet_1250m,Urban_1250m,Apples_1250m,Ag_1500m,Forest_1500m,Open_1500m,Other_1500m,ShrubWet_1500m,Urban_1500m,Apples_1500m,Ag_1750,Forest_1750m,Open_1750m,Other_1750m,ShrubWet_1750m,Urban_1750m,Apples_1750m,Ag_2000m,Forest_2000m,Open_2000m,Other_2000m,ShrubWet_2000m,Urban_2000m,Apples_2000m,Total_Emerged_Males,Total_Emerged_Females,Proportion_Female_Offspring,Ave_F_Weight_g,Ave_M_Weight_g,Proportion_Larval_Mortality,Temp_C,Nest_Tubes for_Offspring_Analysis,Nest_Tubes_for_Pollen_Analysis,Total_Pollen_Provisions_Analyzed,Fungicide_Risk_Ave%HQ,Insecticide_Risk_Ave%HQ,Herb_Risk_Ave%HQ,Prop_Vitaceae,Prop_Caprifoliaceae,Prop_Rhamnaceae,Prop_Cornaceae,Prop_Brassicaceae,Prop_Oleaceae,Prop_Adoxaceae,Prop_Onagraceae,Prop_Fabaceae,Prop_Juglandaceae,Prop_Rosaceae,Floral_Fam_Richness,Floral_Shannon_Diversity,Floral_Evenness
AB,8108.31,1,5/20/15,a,0.063348416,0.135746606,0.411764706,0.004524887,0.027149321,0.357466063,0,0.071917808,0.117579909,0.264840183,0.011415525,0.04109589,0.493150685,0,0.057623661,0.12799592,0.206017338,0.055073942,0.046914839,0.506374299,0,0.066513761,0.137041284,0.18233945,0.07396789,0.045011468,0.495126147,0,0.102601686,0.137779406,0.185232686,0.065775009,0.056614144,0.451997069,0.013741297,0.159556857,0.120081498,0.162485674,0.060613778,0.04902585,0.448236343,0.029924869,0.18893362,0.107667821,0.150266829,0.058795993,0.045594982,0.448740755,0.028087258,0.205730659,0.105515759,0.146919771,0.05730659,0.040329513,0.444197708,0.023997135,5,10,0.666666667,0.057284286,0.02993,0.105263158,18.22569444,4,2,18,9.52387E-05,0.042831373,0,0.663120567,0.046099291,0.25177305,0,0,0,0,0,0,0.039007092,0,4,0.888046176,0.640589907
AB,8108.31,2,5/28/15,a,0.063348416,0.135746606,0.411764706,0.004524887,0.027149321,0.357466063,0,0.071917808,0.117579909,0.264840183,0.011415525,0.04109589,0.493150685,0,0.057623661,0.12799592,0.206017338,0.055073942,0.046914839,0.506374299,0,0.066513761,0.137041284,0.18233945,0.07396789,0.045011468,0.495126147,0,0.102601686,0.137779406,0.185232686,0.065775009,0.056614144,0.451997069,0.013741297,0.159556857,0.120081498,0.162485674,0.060613778,0.04902585,0.448236343,0.029924869,0.18893362,0.107667821,0.150266829,0.058795993,0.045594982,0.448740755,0.028087258,0.205730659,0.105515759,0.146919771,0.05730659,0.040329513,0.444197708,0.023997135,67,36,0.349514563,0.058829,0.031763,0.065420561,23.34183673,12,2,21,0.000270293,3.32294899,0,0.665480427,0.078291815,0.046263345,0,0,0.138790036,0,0,0,0.071174377,0,5,1.074802582,0.667812392
AB,8108.31,3,6/3/15,a,0.063348416,0.135746606,0.411764706,0.004524887,0.027149321,.?,0,0.071917808,0.117579909,0.264840183,0.011415525,0.04109589,0.493150685,0,0.057623661,0.12799592,0.206017338,0.055073942,0.046914839,0.506374299,0,0.066513761,0.137041284,0.18233945,0.07396789,0.045011468,0.495126147,0,0.102601686,0.137779406,0.185232686,0.065775009,0.056614144,0.451997069,0.013741297,0.159556857,0.120081498,0.162485674,0.060613778,0.04902585,0.448236343,0.029924869,0.18893362,0.107667821,0.150266829,0.058795993,0.045594982,0.448740755,0.028087258,0.205730659,0.105515759,0.146919771,0.05730659,0.040329513,0.444197708,0.023997135,19,7,0.269230769,0.0534025,0.037182,0,15.97535211,3,2,20,0.000240183,12.83049409,0.006181818,0.735483871,0.083870968,0.048387097,0,0,0.083870968,0,0,0,0.048387097,0,5,0.934787364,0.580816046
BA,14269.631,1,5/25/15,b,0.598173516,0.050228311,0.118721461,0.04109589,0.054794521,0.136986301,0,0.572247706,0.130733945,0.073394495,0.032110092,0.088302752,0.103211009,0,0.472024415,0.202441506,0.092065107,0.037639878,0.097660224,0.098168871,0,0.489971347,0.203151862,0.108882521,0.028939828,0.091690544,0.077363897,0,0.519237816,0.186698424,0.109930377,0.025650421,0.090509344,0.067973617,0,0.542860782,0.195898612,0.09043434,0.024328111,0.088651127,0.057827028,0,0.562394761,0.21272217,0.072684752,0.019925164,0.082694107,0.049579046,0,0.554393755,0.237628017,0.070686815,0.017474755,0.076344625,0.043472033,0,26,19,0.422222222,0.054908462,0.035723,0.238095238,13.63829787,7,2,19,0.001898199,12.09272442,0.014063636,0,0.715277778,0,0.284722222,0,0,0,0,0,0,0,2,0.597358157,0.861805651
BA,14269.631,2,5/29/15,b,0.598173516,0.050228311,0.118721461,0.04109589,0.054794521,0.136986301,0,0.572247706,0.130733945,0.073394495,0.032110092,0.088302752,0.103211009,0,0.472024415,0.202441506,0.092065107,0.037639878,0.097660224,0.098168871,0,0.489971347,0.203151862,0.108882521,0.028939828,0.091690544,0.077363897,0,0.519237816,0.186698424,0.109930377,0.025650421,0.090509344,0.067973617,0,0.542860782,0.195898612,0.09043434,0.024328111,0.088651127,0.057827028,0,0.562394761,0.21272217,0.072684752,0.019925164,0.082694107,0.049579046,0,0.554393755,0.237628017,0.070686815,0.017474755,0.076344625,0.043472033,0,66,40,0.377358491,0.065413,0.037101,0.193333333,23.23958333,19,3,23,0.004496567,23.0963082,0.026890909,0.212345679,0.696296296,0,0,0,0,0,0,0,0,0.091358025,3,0.799700341,0.72791862
BA,14269.631,3,6/4/15,b,0.598173516,0.050228311,0.118721461,0.04109589,0.054794521,0.136986301,0,0.572247706,0.130733945,0.073394495,0.032110092,0.088302752,0.103211009,0,0.472024415,0.202441506,0.092065107,0.037639878,0.097660224,0.098168871,0,0.489971347,0.203151862,0.108882521,0.028939828,0.091690544,0.077363897,0,0.519237816,0.186698424,0.109930377,0.025650421,0.090509344,0.067973617,0,0.542860782,0.195898612,0.09043434,0.024328111,0.088651127,0.057827028,0,0.562394761,0.21272217,0.072684752,0.019925164,0.082694107,0.049579046,0,0.554393755,0.237628017,0.070686815,0.017474755,0.076344625,0.043472033,0,16,17,0.515151515,0.053668,0.031056667,0.183673469,16.89310345,7,2,13,0.00150856,7.742865537,0.008963636,0.724489796,0.221088435,0.054421769,0,0,0,0,0,0,0,0,3,0.725580368,0.660451713
BD,26093.088,1,5/23/15,c,0.470319635,0.178082192,0.292237443,0.00456621,0.054794521,0,0.00456621,0.515535098,0.153049482,0.255466053,0.01726122,0.043728423,0.014959724,0.001150748,0.531979695,0.125888325,0.21928934,0.012182741,0.056852792,0.053807107,0.000507614,0.497709049,0.12628866,0.211626575,0.022623139,0.052405498,0.089347079,0.000286369,0.478468023,0.136338648,0.180502107,0.024738868,0.055158512,0.124793843,0.000183251,0.417176351,0.17341998,0.159148828,0.023445464,0.057849134,0.168960245,0.000127421,0.386033886,0.197229243,0.149957877,0.025741833,0.062154825,0.178882336,9.36E-05,0.341119152,0.251916601,0.136060758,0.024790428,0.068639392,0.177473669,0.000143297,28,50,0.641025641,0.055874,0.034236,0.066666667,13.42436975,10,2,19,0.031537792,29.04061893,0,0,0.621722846,0,0,0,0,0,0,0,0,0.378277154,2,0.663214407,0.956816136
BD,26093.088,2,5/30/15,c,0.470319635,0.178082192,0.292237443,0.00456621,0.054794521,0,0.00456621,0.515535098,0.153049482,0.255466053,0.01726122,0.043728423,0.014959724,0.001150748,0.531979695,0.125888325,0.21928934,0.012182741,0.056852792,0.053807107,0.000507614,0.497709049,0.12628866,0.211626575,0.022623139,0.052405498,0.089347079,0.000286369,0.478468023,0.136338648,0.180502107,0.024738868,0.055158512,0.124793843,0.000183251,0.417176351,0.17341998,0.159148828,0.023445464,0.057849134,0.168960245,0.000127421,0.386033886,0.197229243,0.149957877,0.025741833,0.062154825,0.178882336,9.36E-05,0.341119152,0.251916601,0.136060758,0.024790428,0.068639392,0.177473669,0.000143297,14,11,0.44,0.0598375,0.030801429,0,21.7712766,3,2,23,0.037461667,46.69810098,0.047136364,0.048109966,0.917525773,0,0,0,0,0,0,0,0,0.034364261,3,0.340787029,0.310197722
BD,26093.088,3,6/5/15,c,0.470319635,0.178082192,0.292237443,0.00456621,0.054794521,0,0.00456621,0.515535098,0.153049482,0.255466053,0.01726122,0.043728423,0.014959724,0.001150748,0.531979695,0.125888325,0.21928934,0.012182741,0.056852792,0.053807107,0.000507614,0.497709049,0.12628866,0.211626575,0.022623139,0.052405498,0.089347079,0.000286369,0.478468023,0.136338648,0.180502107,0.024738868,0.055158512,0.124793843,0.000183251,0.417176351,0.17341998,0.159148828,0.023445464,0.057849134,0.168960245,0.000127421,0.386033886,0.197229243,0.149957877,0.025741833,0.062154825,0.178882336,9.36E-05,0.341119152,0.251916601,0.136060758,0.024790428,0.068639392,0.177473669,0.000143297,17,16,0.484848485,0.056671111,0.032054444,0.03030303,14.59931507,4,2,18,0.036454645,20.64249501,0.021636364,0.838487973,0.127147766,0.034364261,0,0,0,0,0,0,0,0,3,0.525767045,0.478573788
EV,68772.525,1,5/27/15,d,0.027149321,0.78280543,0.049773756,0.004524887,0.063348416,0.07239819,0,0.065366972,0.722477064,0.110091743,0.002293578,0.052752294,0.047018349,0,0.135368957,0.658524173,0.126717557,0.001017812,0.040712468,0.037659033,0,0.136754587,0.634174312,0.137901376,0.002866972,0.036123853,0.052178899,0,0.120601173,0.647727273,0.116752199,0.002749267,0.032441349,0.079728739,0,0.106824548,0.655207538,0.110262287,0.00280112,0.026610644,0.098293863,0,0.09375,0.671968563,0.108626497,0.003274701,0.022548653,0.099831587,0,0.089762877,0.699118848,0.09621033,0.00351028,0.020058743,0.091338921,0,78,76,0.493506494,0.059644,0.039155,0.079268293,20.625,18,2,22,7.29898E-05,0.057108498,0,0,0.390070922,0,0,0,0,0.106382979,0,0,0,0.503546099,3,0.951069469,0.865700738
EV,68772.525,2,6/2/15,d,0.027149321,0.78280543,0.049773756,0.004524887,0.063348416,0.07239819,0,0.065366972,0.722477064,0.110091743,0.002293578,0.052752294,0.047018349,0,0.135368957,0.658524173,0.126717557,0.001017812,0.040712468,0.037659033,0,0.136754587,0.634174312,0.137901376,0.002866972,0.036123853,0.052178899,0,0.120601173,0.647727273,0.116752199,0.002749267,0.032441349,0.079728739,0,0.106824548,0.655207538,0.110262287,0.00280112,0.026610644,0.098293863,0,0.09375,0.671968563,0.108626497,0.003274701,0.022548653,0.099831587,0,0.089762877,0.699118848,0.09621033,0.00351028,0.020058743,0.091338921,0,29,28,0.49122807,0.058441,0.034532,0.064516129,17.08098592,12,3,29,5.21356E-05,0,0,0,0.21686747,0,0,0,0,0.060240964,0,0,0,0.722891566,3,0.735291753,0.669291397
EV,68772.525,3,6/6/15,d,0.027149321,0.78280543,0.049773756,0.004524887,0.063348416,0.07239819,0,0.065366972,0.722477064,0.110091743,0.002293578,0.052752294,0.047018349,0,0.135368957,0.658524173,0.126717557,0.001017812,0.040712468,0.037659033,0,0.136754587,0.634174312,0.137901376,0.002866972,0.036123853,0.052178899,0,0.120601173,0.647727273,0.116752199,0.002749267,0.032441349,0.079728739,0,0.106824548,0.655207538,0.110262287,0.00280112,0.026610644,0.098293863,0,0.09375,0.671968563,0.108626497,0.003274701,0.022548653,0.099831587,0,0.089762877,0.699118848,0.09621033,0.00351028,0.020058743,0.091338921,0,6,11,0.647058824,0.063136143,0.03025,0.157894737,15.90384615,3,2,7,0,70.40099303,0.032807018,0.061881188,0.066831683,0,0,0,0,0,0,0,0,0.871287129,3,0.473054321,0.4305926
GR,33828.308,1,5/25/15,e,0.543378995,0.04109589,0.246575342,0.054794521,0.01369863,0.100456621,0,0.545039909,0.116305587,0.177879133,0.033067275,0.043329532,0.084378563,0.002280502,0.474783495,0.251146205,0.150789608,0.028527764,0.045848192,0.048904738,0.001018849,0.415855753,0.330852891,0.126788781,0.035775615,0.051803091,0.038923869,0.00057241,0.403521643,0.38187821,0.100513573,0.025128393,0.054292003,0.034666178,0.000366838,0.471847134,0.349936306,0.076687898,0.018726115,0.052101911,0.030700637,0.000254777,0.496536878,0.33526769,0.068326469,0.016098839,0.05222763,0.031542493,0.000187196,0.509642268,0.325829809,0.063732167,0.016632017,0.053910675,0.030253065,0.000143379,2,2,0.5,0.041545,0.029705,0.2,13.91052632,1,1,8,0.346610735,536.8255687,0.958393721,0,0.290983607,0,0,0,0,0,0,0,0,0.709016393,2,0.60303004,0.869988449
GR,33828.308,2,5/29/15,e,0.543378995,0.04109589,0.246575342,0.054794521,0.01369863,0.100456621,0,0.545039909,0.116305587,0.177879133,0.033067275,0.043329532,0.084378563,0.002280502,0.474783495,0.251146205,0.150789608,0.028527764,0.045848192,0.048904738,0.001018849,0.415855753,0.330852891,0.126788781,0.035775615,0.051803091,0.038923869,0.00057241,0.403521643,0.38187821,0.100513573,0.025128393,0.054292003,0.034666178,0.000366838,0.471847134,0.349936306,0.076687898,0.018726115,0.052101911,0.030700637,0.000254777,0.496536878,0.33526769,0.068326469,0.016098839,0.05222763,0.031542493,0.000187196,0.509642268,0.325829809,0.063732167,0.016632017,0.053910675,0.030253065,0.000143379,14,13,0.481481481,0.05531,0.0271175,0.184210526,22.46907216,2,3,23,0.055799589,392.562382,0.737787254,0,0.300699301,0,0,0,0,0,0,0,0,0.699300699,2,0.611455654,0.88214404
GR,33828.308,3,6/4/15,e,0.543378995,0.04109589,0.246575342,0.054794521,0.01369863,0.100456621,0,0.545039909,0.116305587,0.177879133,0.033067275,0.043329532,0.084378563,0.002280502,0.474783495,0.251146205,0.150789608,0.028527764,0.045848192,0.048904738,0.001018849,0.415855753,0.330852891,0.126788781,0.035775615,0.051803091,0.038923869,0.00057241,0.403521643,0.38187821,0.100513573,0.025128393,0.054292003,0.034666178,0.000366838,0.471847134,0.349936306,0.076687898,0.018726115,0.052101911,0.030700637,0.000254777,0.496536878,0.33526769,0.068326469,0.016098839,0.05222763,0.031542493,0.000187196,0.509642268,0.325829809,0.063732167,0.016632017,0.053910675,0.030253065,0.000143379,7,7,0.5,0.04872,0.029824444,0.105263158,16.46206897,4,2,22,0.053859827,225.1896553,0.451613683,0,0.323843416,0,0,0,0,0,0,0,0,0.676156584,2,0.629732645,0.908512164
HG,3579.175,1,5/23/15,f,0.20361991,0.253393665,0.429864253,0.004524887,0.067873303,0.040723982,0,0.107798165,0.544724771,0.189220183,0.001146789,0.111238532,0.04587156,0,0.137563452,0.58071066,0.156852792,0.001522843,0.081725888,0.041624365,0,0.148497854,0.597997139,0.146781116,0.003433476,0.069241774,0.034048641,0,0.168347699,0.601136989,0.131303869,0.007335412,0.064735008,0.027141023,0,0.173757962,0.589171975,0.134904459,0.011592357,0.064840764,0.025732484,0,0.166775915,0.592002997,0.13774698,0.013671692,0.064706433,0.025095983,9.36E-05,0.167012968,0.582646701,0.145518378,0.013971484,0.065415204,0.025435265,7.16E-05,5,8,0.615384615,0.048365,0.031555,0.2,10.13106796,2,2,16,0,0.861726441,0,0,0.719298246,0,0,0,0,0,0,0,0,0.280701754,2,0.593614877,0.856405239
HG,3579.175,2,6/2/15,f,0.20361991,0.253393665,0.429864253,0.004524887,0.067873303,0.040723982,0,0.107798165,0.544724771,0.189220183,0.001146789,0.111238532,0.04587156,0,0.137563452,0.58071066,0.156852792,0.001522843,0.081725888,0.041624365,0,0.148497854,0.597997139,0.146781116,0.003433476,0.069241774,0.034048641,0,0.168347699,0.601136989,0.131303869,0.007335412,0.064735008,0.027141023,0,0.173757962,0.589171975,0.134904459,0.011592357,0.064840764,0.025732484,0,0.166775915,0.592002997,0.13774698,0.013671692,0.064706433,0.025095983,9.36E-05,0.167012968,0.582646701,0.145518378,0.013971484,0.065415204,0.025435265,7.16E-05,46,44,0.488888889,0.063126,0.0334,0.087378641,16.5037594,10,3,35,0,0.02651466,0,0.719178082,0.058219178,0.160958904,0,0,0,0,0.061643836,0,0,0,4,0.868394771,0.626414415
HG,3579.175,3,6/6/15,f,0.20361991,0.253393665,0.429864253,0.004524887,0.067873303,0.040723982,0,0.107798165,0.544724771,0.189220183,0.001146789,0.111238532,0.04587156,0,0.137563452,0.58071066,0.156852792,0.001522843,0.081725888,0.041624365,0,0.148497854,0.597997139,0.146781116,0.003433476,0.069241774,0.034048641,0,0.168347699,0.601136989,0.131303869,0.007335412,0.064735008,0.027141023,0,0.173757962,0.589171975,0.134904459,0.011592357,0.064840764,0.025732484,0,0.166775915,0.592002997,0.13774698,0.013671692,0.064706433,0.025095983,9.36E-05,0.167012968,0.582646701,0.145518378,0.013971484,0.065415204,0.025435265,7.16E-05,23,8,0.258064516,0.06167,0.030509,0,15.55747126,6,2,17,0,0.033143325,0,0.772413793,0.051724138,0.062068966,0,0,0,0,0.079310345,0.034482759,0,0,5,0.842300309,0.523350607
HS,167597.464,1,5/20/15,g,0.172727273,0.118181818,0.163636364,0.181818182,0.072727273,0.290909091,0,0.180571429,0.059428571,0.156571429,0.187428571,0.067428571,0.348571429,0.026285714,0.267447784,0.112582781,0.190015283,0.113092206,0.062659195,0.254202751,0.044829343,0.309366944,0.136350616,0.1638499,0.087653967,0.079633343,0.223145231,0.056430822,0.374221897,0.123031856,0.169168803,0.063529843,0.069205419,0.200842182,0.066093006,0.392861695,0.129254302,0.154875717,0.054429573,0.080433397,0.188145315,0.048056087,0.382823463,0.129291795,0.147909065,0.060435962,0.092431472,0.187108242,0.038076527,0.399412734,0.115806059,0.145599083,0.06488577,0.081572728,0.192723627,0.030222732,26,33,0.559322034,0.06287,0.03248,0.015151515,17.5974026,7,2,23,0.093104499,0.001034574,0,0,0,0.341911765,0,0,0,0,0,0,0,0.658088235,2,0.642295404,0.926636394
HS,167597.464,2,5/24/15,g,0.172727273,0.118181818,0.163636364,0.181818182,0.072727273,0.290909091,0,0.180571429,0.059428571,0.156571429,0.187428571,0.067428571,0.348571429,0.026285714,0.267447784,0.112582781,0.190015283,0.113092206,0.062659195,0.254202751,0.044829343,0.309366944,0.136350616,0.1638499,0.087653967,0.079633343,0.223145231,0.056430822,0.374221897,0.123031856,0.169168803,0.063529843,0.069205419,0.200842182,0.066093006,0.392861695,0.129254302,0.154875717,0.054429573,0.080433397,0.188145315,0.048056087,0.382823463,0.129291795,0.147909065,0.060435962,0.092431472,0.187108242,0.038076527,0.399412734,0.115806059,0.145599083,0.06488577,0.081572728,0.192723627,0.030222732,6,12,0.666666667,0.05824125,0.04056,0.086956522,12.11616162,2,1,6,0.063675857,258.8831564,0.260872727,0,0.766323024,0,0,0,0,0,0,0,0,0.233676976,2,0.543681243,0.784366233
HS,167597.464,3,5/28/15,g,0.172727273,0.118181818,0.163636364,0.181818182,0.072727273,0.290909091,0,0.180571429,0.059428571,0.156571429,0.187428571,0.067428571,0.348571429,0.026285714,0.267447784,0.112582781,0.190015283,0.113092206,0.062659195,0.254202751,0.044829343,0.309366944,0.136350616,0.1638499,0.087653967,0.079633343,0.223145231,0.056430822,0.374221897,0.123031856,0.169168803,0.063529843,0.069205419,0.200842182,0.066093006,0.392861695,0.129254302,0.154875717,0.054429573,0.080433397,0.188145315,0.048056087,0.382823463,0.129291795,0.147909065,0.060435962,0.092431472,0.187108242,0.038076527,0.399412734,0.115806059,0.145599083,0.06488577,0.081572728,0.192723627,0.030222732,5,19,0.791666667,0.056025,0.02992,0.396825397,23.40721649,6,2,17,0.05797803,189.4229537,0.198281818,0,0.294871795,0,0.064102564,0,0,0,0,0,0,0.641025641,3,0.821263868,0.747546588
IC,97015.009,1,5/24/15,h,0.312217195,0.099547511,0.375565611,0.004524887,0.054298643,0.153846154,0,0.309988519,0.22847302,0.207807118,0.01836969,0.064293915,0.171067738,0,0.292385787,0.23857868,0.193401015,0.01319797,0.086294416,0.176142132,0,0.227090493,0.260882016,0.201317297,0.020332188,0.094215349,0.196162658,0,0.221222691,0.320543418,0.181384248,0.019827428,0.0895906,0.167431614,0.000367175,0.220736212,0.380715832,0.158960642,0.016685773,0.087632149,0.135269392,0.000254745,0.23134538,0.393221608,0.148581593,0.020222826,0.087257747,0.119370845,0.000187248,0.228565289,0.385072703,0.145834826,0.053577824,0.082945348,0.104004011,0.000143256,32,38,0.542857143,0.05502,0.035727,0.097826087,14.72039474,8,2,19,0.006324912,0,0,0,0.882352941,0,0,0,0,0,0,0,0,0.117647059,2,0.362210557,0.522559375
IC,97015.009,2,5/30/15,h,0.312217195,0.099547511,0.375565611,0.004524887,0.054298643,0.153846154,0,0.309988519,0.22847302,0.207807118,0.01836969,0.064293915,0.171067738,0,0.292385787,0.23857868,0.193401015,0.01319797,0.086294416,0.176142132,0,0.227090493,0.260882016,0.201317297,0.020332188,0.094215349,0.196162658,0,0.221222691,0.320543418,0.181384248,0.019827428,0.0895906,0.167431614,0.000367175,0.220736212,0.380715832,0.158960642,0.016685773,0.087632149,0.135269392,0.000254745,0.23134538,0.393221608,0.148581593,0.020222826,0.087257747,0.119370845,0.000187248,0.228565289,0.385072703,0.145834826,0.053577824,0.082945348,0.104004011,0.000143256,54,37,0.406593407,0.064325,0.03429,0.068627451,22.6509434,11,3,23,0.004166063,15.24913652,0.017772727,0.734767025,0.225806452,0,0,0,0,0,0.039426523,0,0,0,3,0.68995235,0.628021693
IC,97015.009,3,6/5/15,h,0.312217195,0.099547511,0.375565611,0.004524887,0.054298643,0.153846154,0,0.309988519,0.22847302,0.207807118,0.01836969,0.064293915,0.171067738,0,0.292385787,0.23857868,0.193401015,0.01319797,0.086294416,0.176142132,0,0.227090493,0.260882016,0.201317297,0.020332188,0.094215349,0.196162658,0,0.221222691,0.320543418,0.181384248,0.019827428,0.0895906,0.167431614,0.000367175,0.220736212,0.380715832,0.158960642,0.016685773,0.087632149,0.135269392,0.000254745,0.23134538,0.393221608,0.148581593,0.020222826,0.087257747,0.119370845,0.000187248,0.228565289,0.385072703,0.145834826,0.053577824,0.082945348,0.104004011,0.000143256,12,12,0.5,0.066003333,0.03212,0,14.69847328,3,2,19,0.008421049,13.40490448,0.015609091,0.5221843,0.232081911,0.075085324,0,0,0,0,0,0,0,0.170648464,4,1.174412847,0.847159795
IT,141083.195,1,5/21/15,i,0.142201835,0.279816514,0.348623853,0.009174312,0.128440367,0.091743119,0,0.113402062,0.140893471,0.23024055,0.010309278,0.067583047,0.437571592,0,0.114402451,0.085291113,0.140960163,0.018386108,0.046475996,0.594484168,0,0.155256374,0.105986823,0.153251217,0.016900602,0.056430822,0.512174162,0,0.151231165,0.142043366,0.15784638,0.01414921,0.07662624,0.458103638,0,0.142620444,0.15676778,0.161738465,0.019627836,0.07876625,0.440479225,0,0.117498362,0.177511469,0.144555753,0.01853759,0.079393315,0.462503511,0,0.107782715,0.197506091,0.129568582,0.019134298,0.081482012,0.464526301,0,19,47,0.712121212,0.060667,0.028138,0.147368421,15.78205128,10,2,21,0.001006954,0.028554249,0,0.459854015,0.328467153,0.175182482,0,0,0,0,0,0,0,0.03649635,4,1.14890223,0.828757775
IT,141083.195,2,5/29/15,i,0.142201835,0.279816514,0.348623853,0.009174312,0.128440367,0.091743119,0,0.113402062,0.140893471,0.23024055,0.010309278,0.067583047,0.437571592,0,0.114402451,0.085291113,0.140960163,0.018386108,0.046475996,0.594484168,0,0.155256374,0.105986823,0.153251217,0.016900602,0.056430822,0.512174162,0,0.151231165,0.142043366,0.15784638,0.01414921,0.07662624,0.458103638,0,0.142620444,0.15676778,0.161738465,0.019627836,0.07876625,0.440479225,0,0.117498362,0.177511469,0.144555753,0.01853759,0.079393315,0.462503511,0,0.107782715,0.197506091,0.129568582,0.019134298,0.081482012,0.464526301,0,49,48,0.494845361,0.062988,0.031252,0.087591241,22.86082474,14,3,34,0.000279473,20.7210366,0.022409091,0.306273063,0.468634686,0.084870849,0.040590406,0,0,0,0,0,0.073800738,0.025830258,6,1.343798666,0.749988316
IT,141083.195,3,6/4/15,i,0.142201835,0.279816514,0.348623853,0.009174312,0.128440367,0.091743119,0,0.113402062,0.140893471,0.23024055,0.010309278,0.067583047,0.437571592,0,0.114402451,0.085291113,0.140960163,0.018386108,0.046475996,0.594484168,0,0.155256374,0.105986823,0.153251217,0.016900602,0.056430822,0.512174162,0,0.151231165,0.142043366,0.15784638,0.01414921,0.07662624,0.458103638,0,0.142620444,0.15676778,0.161738465,0.019627836,0.07876625,0.440479225,0,0.117498362,0.177511469,0.144555753,0.01853759,0.079393315,0.462503511,0,0.107782715,0.197506091,0.129568582,0.019134298,0.081482012,0.464526301,0,30,7,0.189189189,0.05162,0.032365,0.178571429,16.34563758,4,2,10,7.57792E-05,3.636587559,0.004172727,0.743542435,0,0,0,0,0,0,0,0,0.057195572,0.199261993,3,0.70542244,0.642103176
KI,102128.403,1,5/23/15,j,0.240740741,0.12962963,0.444444444,0.013888889,0.097222222,0.074074074,0,0.391504018,0.096440873,0.319173364,0.01836969,0.059701493,0.114810563,0,0.46468782,0.113101331,0.249744115,0.028659161,0.051688843,0.092118731,0,0.422515039,0.201374964,0.20653108,0.027499284,0.059581782,0.082497852,0,0.359728091,0.28403454,0.179680323,0.033804887,0.069079552,0.073672607,0.000183722,0.351282378,0.280847263,0.165369402,0.07502871,0.065969121,0.061503126,0.0001276,0.310832319,0.279187342,0.151952064,0.121805074,0.07124801,0.06497519,0.000187248,0.297591743,0.273222477,0.130017202,0.159188647,0.071889335,0.068090596,0.000143349,14,28,0.666666667,0.05167,0.029151,0,14.53813559,5,2,19,0.00045002,0,0,0.134831461,0.486891386,0.097378277,0,0,0,0,0,0,0,0.280898876,4,1.204071584,0.868554052
KI,102128.403,2,5/26/15,j,0.240740741,0.12962963,0.444444444,0.013888889,0.097222222,0.074074074,0,0.391504018,0.096440873,0.319173364,0.01836969,0.059701493,0.114810563,0,0.46468782,0.113101331,0.249744115,0.028659161,0.051688843,0.092118731,0,0.422515039,0.201374964,0.20653108,0.027499284,0.059581782,0.082497852,0,0.359728091,0.28403454,0.179680323,0.033804887,0.069079552,0.073672607,0.000183722,0.351282378,0.280847263,0.165369402,0.07502871,0.065969121,0.061503126,0.0001276,0.310832319,0.279187342,0.151952064,0.121805074,0.07124801,0.06497519,0.000187248,0.297591743,0.273222477,0.130017202,0.159188647,0.071889335,0.068090596,0.000143349,39,8,0.170212766,0.056761667,0.029752,0.172413793,19.85443038,8,3,19,0.00306921,49.49403147,0,0.445767196,0.404761905,0.017195767,0,0.029100529,0,0,0,0,0,0.103174603,5,1.133391174,0.704215531
KI,102128.403,3,5/30/15,j,0.240740741,0.12962963,0.444444444,0.013888889,0.097222222,0.074074074,0,0.391504018,0.096440873,0.319173364,0.01836969,0.059701493,0.114810563,0,0.46468782,0.113101331,0.249744115,0.028659161,0.051688843,0.092118731,0,0.422515039,0.201374964,0.20653108,0.027499284,0.059581782,0.082497852,0,0.359728091,0.28403454,0.179680323,0.033804887,0.069079552,0.073672607,0.000183722,0.351282378,0.280847263,0.165369402,0.07502871,0.065969121,0.061503126,0.0001276,0.310832319,0.279187342,0.151952064,0.121805074,0.07124801,0.06497519,0.000187248,0.297591743,0.273222477,0.130017202,0.159188647,0.071889335,0.068090596,0.000143349,17,3,0.15,0.05523,0.027284444,0.217391304,22.18534483,3,2,17,0.002462537,36.87305344,0,0.345070423,0.492957746,0.084507042,0,0,0,0,0,0,0,0.077464789,4,1.12280178,0.80993028
LA,168095.886,1,5/21/15,k,0.027272727,0.163636364,0.586363636,0.004545455,0.145454545,0.072727273,0,0.051664753,0.42250287,0.261768083,0.029850746,0.182548794,0.051664753,0,0.062755102,0.384693878,0.15,0.155612245,0.187244898,0.059693878,0,0.096137339,0.350214592,0.109871245,0.241773963,0.15565093,0.046351931,0,0.103726822,0.328254085,0.107031393,0.286029007,0.133835139,0.041123554,0.000183587,0.102740599,0.309878904,0.101465902,0.33486297,0.112045889,0.039005736,0.000509879,0.108823805,0.283054178,0.102367362,0.37391223,0.097314494,0.034527931,0.000374287,0.140083118,0.250931499,0.101748352,0.389509888,0.084623101,0.033104041,0.000286615,4,8,0.666666667,0.056561429,0.026975,0.3125,17.41578947,3,2,18,0.097746284,58.62595222,0.068309091,0,0.043771044,0.831649832,0,0,0,0,0,0,0.057239057,0.067340067,4,0.635676472,0.458543647
LA,168095.886,2,5/29/15,k,0.027272727,0.163636364,0.586363636,0.004545455,0.145454545,0.072727273,0,0.051664753,0.42250287,0.261768083,0.029850746,0.182548794,0.051664753,0,0.062755102,0.384693878,0.15,0.155612245,0.187244898,0.059693878,0,0.096137339,0.350214592,0.109871245,0.241773963,0.15565093,0.046351931,0,0.103726822,0.328254085,0.107031393,0.286029007,0.133835139,0.041123554,0.000183587,0.102740599,0.309878904,0.101465902,0.33486297,0.112045889,0.039005736,0.000509879,0.108823805,0.283054178,0.102367362,0.37391223,0.097314494,0.034527931,0.000374287,0.140083118,0.250931499,0.101748352,0.389509888,0.084623101,0.033104041,0.000286615,39,22,0.360655738,0.054695,0.0283411,0.080645161,23.62244898,8,3,34,0.02536485,34.29416285,0.038018182,0,0.100671141,0.755033557,0,0,0,0,0,0,0,0.144295302,3,0.722630007,0.657766179
LA,168095.886,3,6/4/15,k,0.027272727,0.163636364,0.586363636,0.004545455,0.145454545,0.072727273,0,0.051664753,0.42250287,0.261768083,0.029850746,0.182548794,0.051664753,0,0.062755102,0.384693878,0.15,0.155612245,0.187244898,0.059693878,0,0.096137339,0.350214592,0.109871245,0.241773963,0.15565093,0.046351931,0,0.103726822,0.328254085,0.107031393,0.286029007,0.133835139,0.041123554,0.000183587,0.102740599,0.309878904,0.101465902,0.33486297,0.112045889,0.039005736,0.000509879,0.108823805,0.283054178,0.102367362,0.37391223,0.097314494,0.034527931,0.000374287,0.140083118,0.250931499,0.101748352,0.389509888,0.084623101,0.033104041,0.000286615,16,11,0.407407407,0.055695556,0.026407778,0.038461538,16.77430556,4,2,13,0.007505054,49.84049691,0.0272,0.676672384,0.018010292,0.174099485,0,0.017152659,0,0,0.011149228,0,0.01457976,0.088336192,7,1.036847993,0.532834465
LF,250577.172,1,5/20/15,l,0.728110599,0.138248848,0.078341014,0,0.055299539,0,0.433179724,0.414466131,0.289322618,0.107921929,0.004592423,0.123995408,0.059701493,0.242250287,0.264496439,0.240081384,0.185147508,0.02543235,0.100712106,0.184130214,0.110885046,0.201088513,0.179031796,0.226009739,0.059868233,0.086794615,0.247207104,0.064737897,0.186950147,0.157807918,0.224706745,0.105388563,0.078995601,0.246151026,0.042705279,0.194320642,0.143130014,0.208710047,0.165414491,0.070673628,0.217751178,0.02979753,0.209515782,0.143017702,0.17261403,0.224220287,0.061253161,0.189379039,0.022197246,0.209583841,0.156435785,0.14719576,0.264021202,0.054294105,0.168469307,0.019196333,40,43,0.518072289,0.054529,0.026879,0.142857143,18.26712329,17,2,18,0.192387881,0,0,0.466216216,0.006756757,0.162162162,0,0,0,0,0,0,0,0.364864865,4,1.052402954,0.759148262
LF,250577.172,2,5/28/15,l,0.728110599,0.138248848,0.078341014,0,0.055299539,0,0.433179724,0.414466131,0.289322618,0.107921929,0.004592423,0.123995408,0.059701493,0.242250287,0.264496439,0.240081384,0.185147508,0.02543235,0.100712106,0.184130214,0.110885046,0.201088513,0.179031796,0.226009739,0.059868233,0.086794615,0.247207104,0.064737897,0.186950147,0.157807918,0.224706745,0.105388563,0.078995601,0.246151026,0.042705279,0.194320642,0.143130014,0.208710047,0.165414491,0.070673628,0.217751178,0.02979753,0.209515782,0.143017702,0.17261403,0.224220287,0.061253161,0.189379039,0.022197246,0.209583841,0.156435785,0.14719576,0.264021202,0.054294105,0.168469307,0.019196333,6,0,0,NA,0.029542,0.740740741,23.04255319,2,2,16,0.012913609,62.57125673,0.062745455,0.230508475,0,0.769491525,0,0,0,0,0,0,0,0,2,0.539890007,0.778896636
LF,250577.172,3,6/3/15,l,0.728110599,0.138248848,0.078341014,0,0.055299539,0,0.433179724,0.414466131,0.289322618,0.107921929,0.004592423,0.123995408,0.059701493,0.242250287,0.264496439,0.240081384,0.185147508,0.02543235,0.100712106,0.184130214,0.110885046,0.201088513,0.179031796,0.226009739,0.059868233,0.086794615,0.247207104,0.064737897,0.186950147,0.157807918,0.224706745,0.105388563,0.078995601,0.246151026,0.042705279,0.194320642,0.143130014,0.208710047,0.165414491,0.070673628,0.217751178,0.02979753,0.209515782,0.143017702,0.17261403,0.224220287,0.061253161,0.189379039,0.022197246,0.209583841,0.156435785,0.14719576,0.264021202,0.054294105,0.168469307,0.019196333,3,3,0.5,0.065476667,0.034653333,0,17.25373134,1,1,10,0.009398922,25.36025222,0.029363636,0.767123288,0,0.232876712,0,0,0,0,0,0,0,0,2,0.542729009,0.78299245
LT,202766.29,1,5/23/15,m,0.198156682,0.188940092,0.474654378,0.00921659,0.087557604,0.041474654,0.004608295,0.200228833,0.322654462,0.327231121,0.036613272,0.083524027,0.029748284,0.001144165,0.149109415,0.471246819,0.227480916,0.044783715,0.072773537,0.034605598,0.000508906,0.156991707,0.533600229,0.179582499,0.036888762,0.060337432,0.032599371,0.000285959,0.131902403,0.595487067,0.156301596,0.028802055,0.05907173,0.02843515,0.000183453,0.143949045,0.597579618,0.142420382,0.021528662,0.068025478,0.026496815,0.000127389,0.138043987,0.607299953,0.12784277,0.018156294,0.075713617,0.032943379,9.36E-05,0.139868157,0.583619948,0.135783892,0.016552021,0.080753798,0.043422184,7.17E-05,22,18,0.45,0.057840909,0.030554444,0.037735849,12.6,5,2,19,0.000249317,0.057108498,0,0,0.7,0,0,0,0,0,0,0,0.038709677,0.261290323,3,0.726227178,0.661040465
LT,202766.29,2,5/27/15,m,0.198156682,0.188940092,0.474654378,0.00921659,0.087557604,0.041474654,0.004608295,0.200228833,0.322654462,0.327231121,0.036613272,0.083524027,0.029748284,0.001144165,0.149109415,0.471246819,0.227480916,0.044783715,0.072773537,0.034605598,0.000508906,0.156991707,0.533600229,0.179582499,0.036888762,0.060337432,0.032599371,0.000285959,0.131902403,0.595487067,0.156301596,0.028802055,0.05907173,0.02843515,0.000183453,0.143949045,0.597579618,0.142420382,0.021528662,0.068025478,0.026496815,0.000127389,0.138043987,0.607299953,0.12784277,0.018156294,0.075713617,0.032943379,9.36E-05,0.139868157,0.583619948,0.135783892,0.016552021,0.080753798,0.043422184,7.17E-05,40,24,0.375,0.057747,0.03307,0.057142857,22.86893204,9,2,21,0.011760343,2.236316859,0,0,0.509090909,0,0.174545455,0,0,0,0,0,0,0.316363636,3,1.012474392,0.921593908
LT,202766.29,3,6/6/15,m,0.198156682,0.188940092,0.474654378,0.00921659,0.087557604,0.041474654,0.004608295,0.200228833,0.322654462,0.327231121,0.036613272,0.083524027,0.029748284,0.001144165,0.149109415,0.471246819,0.227480916,0.044783715,0.072773537,0.034605598,0.000508906,0.156991707,0.533600229,0.179582499,0.036888762,0.060337432,0.032599371,0.000285959,0.131902403,0.595487067,0.156301596,0.028802055,0.05907173,0.02843515,0.000183453,0.143949045,0.597579618,0.142420382,0.021528662,0.068025478,0.026496815,0.000127389,0.138043987,0.607299953,0.12784277,0.018156294,0.075713617,0.032943379,9.36E-05,0.139868157,0.583619948,0.135783892,0.016552021,0.080753798,0.043422184,7.17E-05,6,0,0,NA,0.04215,0,17.79885057,1,1,11,0.066196572,50.71216067,0.033381818,0.052631579,0.452631579,0,0,0,0,0,0,0,0,0.494736842,3,0.86192182,0.784555051
OK,13373.953,1,5/21/15,n,0.119266055,0.201834862,0.403669725,0.018348624,0.142201835,0.114678899,0,0.207331042,0.258877434,0.301260023,0.040091638,0.120274914,0.072164948,0,0.162162162,0.303416624,0.231514533,0.056603774,0.131055584,0.115247323,0,0.194779116,0.343660356,0.185025818,0.058232932,0.11761331,0.100688468,0,0.190196438,0.345327703,0.164861392,0.077657426,0.118597393,0.103359648,0,0.200790413,0.333885773,0.154258032,0.080826109,0.124043855,0.106195818,0.000127486,0.207190338,0.319071248,0.149424211,0.09736916,0.118902724,0.108042318,0.000280873,0.20209259,0.302923893,0.155725957,0.116525727,0.119248961,0.103482872,0.000214992,27,65,0.706521739,0.064429091,0.039058889,0.25,16.76595745,16,2,18,0,0.085662747,0,0.043478261,0.652173913,0.213768116,0,0,0,0,0,0,0,0.09057971,4,0.96243812,0.694252352
OK,13373.953,2,5/29/15,n,0.119266055,0.201834862,0.403669725,0.018348624,0.142201835,0.114678899,0,0.207331042,0.258877434,0.301260023,0.040091638,0.120274914,0.072164948,0,0.162162162,0.303416624,0.231514533,0.056603774,0.131055584,0.115247323,0,0.194779116,0.343660356,0.185025818,0.058232932,0.11761331,0.100688468,0,0.190196438,0.345327703,0.164861392,0.077657426,0.118597393,0.103359648,0,0.200790413,0.333885773,0.154258032,0.080826109,0.124043855,0.106195818,0.000127486,0.207190338,0.319071248,0.149424211,0.09736916,0.118902724,0.108042318,0.000280873,0.20209259,0.302923893,0.155725957,0.116525727,0.119248961,0.103482872,0.000214992,82,93,0.531428571,0.063782,0.034524,0.040697674,22.56818182,23,3,31,0,0.042831373,0,0.238970588,0.205882353,0.555147059,0,0,0,0,0,0,0,0,3,0.994169263,0.904931861
OK,13373.953,3,6/4/15,n,0.119266055,0.201834862,0.403669725,0.018348624,0.142201835,0.114678899,0,0.207331042,0.258877434,0.301260023,0.040091638,0.120274914,0.072164948,0,0.162162162,0.303416624,0.231514533,0.056603774,0.131055584,0.115247323,0,0.194779116,0.343660356,0.185025818,0.058232932,0.11761331,0.100688468,0,0.190196438,0.345327703,0.164861392,0.077657426,0.118597393,0.103359648,0,0.200790413,0.333885773,0.154258032,0.080826109,0.124043855,0.106195818,0.000127486,0.207190338,0.319071248,0.149424211,0.09736916,0.118902724,0.108042318,0.000280873,0.20209259,0.302923893,0.155725957,0.116525727,0.119248961,0.103482872,0.000214992,25,14,0.358974359,0.06372125,0.03349,0.138888889,15.39393939,5,2,19,0,0.099939871,0,0.832298137,0.118012422,0,0,0,0,0,0.049689441,0,0,0,3,0.554134762,0.504395197
RE,70382.409,1,5/24/15,o,0.086757991,0.570776256,0.255707763,0.00913242,0.077625571,0,0,0.273455378,0.328375286,0.249427918,0.034324943,0.097254005,0.017162471,0,0.298272358,0.307418699,0.263719512,0.020833333,0.084857724,0.024898374,0,0.300659215,0.274290628,0.296073373,0.01805675,0.075952995,0.034967039,0,0.334923839,0.246650762,0.288493302,0.019269591,0.079464122,0.031198385,0,0.298446651,0.314871403,0.242042271,0.030430354,0.085434174,0.028775146,0,0.272395395,0.370027146,0.219975662,0.032481513,0.079752878,0.025367406,0,0.242474197,0.412413991,0.200831422,0.02859805,0.086510894,0.029171445,0,6,17,0.739130435,0.057931,0.033562,0,12.21938776,3,2,18,0.224527502,81.59055225,0.085772727,0,0.322695035,0,0,0,0,0.081560284,0,0,0,0.595744681,3,0.877969019,0.799161841
RE,70382.409,2,5/28/15,o,0.086757991,0.570776256,0.255707763,0.00913242,0.077625571,0,0,0.273455378,0.328375286,0.249427918,0.034324943,0.097254005,0.017162471,0,0.298272358,0.307418699,0.263719512,0.020833333,0.084857724,0.024898374,0,0.300659215,0.274290628,0.296073373,0.01805675,0.075952995,0.034967039,0,0.334923839,0.246650762,0.288493302,0.019269591,0.079464122,0.031198385,0,0.298446651,0.314871403,0.242042271,0.030430354,0.085434174,0.028775146,0,0.272395395,0.370027146,0.219975662,0.032481513,0.079752878,0.025367406,0,0.242474197,0.412413991,0.200831422,0.02859805,0.086510894,0.029171445,0,19,23,0.547619048,0.063182,0.029908,0.166666667,22.87912088,6,2,19,0.030986216,204.7322335,0.519387441,0.079510703,0.058103976,0.862385321,0,0,0,0,0,0,0,0,3,0.494325172,0.449954162
RE,70382.409,3,6/3/15,o,0.086757991,0.570776256,0.255707763,0.00913242,0.077625571,0,0,0.273455378,0.328375286,0.249427918,0.034324943,0.097254005,0.017162471,0,0.298272358,0.307418699,0.263719512,0.020833333,0.084857724,0.024898374,0,0.300659215,0.274290628,0.296073373,0.01805675,0.075952995,0.034967039,0,0.334923839,0.246650762,0.288493302,0.019269591,0.079464122,0.031198385,0,0.298446651,0.314871403,0.242042271,0.030430354,0.085434174,0.028775146,0,0.272395395,0.370027146,0.219975662,0.032481513,0.079752878,0.025367406,0,0.242474197,0.412413991,0.200831422,0.02859805,0.086510894,0.029171445,0,6,1,0.142857143,NA,0.0458225,0,16.57720588,4,2,14,0.005805608,80.93605432,0.169040862,0.539473684,0,0.460526316,0,0,0,0,0,0,0,0,2,0.690027592,0.995499385
RF,585039.744,1,5/20/15,p,0.963133641,0,0.036866359,0,0,0,0.870967742,0.891055046,0.050458716,0.033256881,0.017201835,0.008027523,0,0.621559633,0.783673469,0.066836735,0.056632653,0.071428571,0.006122449,0.015306122,0.294897959,0.711340206,0.120561283,0.063001145,0.067869416,0.018327606,0.018900344,0.167812142,0.667278737,0.138450239,0.070694087,0.074917371,0.022218142,0.026441425,0.107785531,0.629960444,0.165114202,0.061885926,0.088937093,0.027306367,0.026795968,0.07490111,0.57973593,0.198333177,0.066204701,0.087742298,0.032306396,0.035677498,0.054967694,0.559034246,0.199813727,0.059249176,0.104098008,0.035176959,0.042627884,0.043344319,15,19,0.558823529,0.04889875,0.028867778,0.035714286,17.34415584,5,2,16,0.243569755,13.14178269,0,0,0,0,0.043478261,0,0,0,0,0,0,0.956521739,2,0.178844913,0.258018669
RF,585039.744,2,5/24/15,p,0.963133641,0,0.036866359,0,0,0,0.870967742,0.891055046,0.050458716,0.033256881,0.017201835,0.008027523,0,0.621559633,0.783673469,0.066836735,0.056632653,0.071428571,0.006122449,0.015306122,0.294897959,0.711340206,0.120561283,0.063001145,0.067869416,0.018327606,0.018900344,0.167812142,0.667278737,0.138450239,0.070694087,0.074917371,0.022218142,0.026441425,0.107785531,0.629960444,0.165114202,0.061885926,0.088937093,0.027306367,0.026795968,0.07490111,0.57973593,0.198333177,0.066204701,0.087742298,0.032306396,0.035677498,0.054967694,0.559034246,0.199813727,0.059249176,0.104098008,0.035176959,0.042627884,0.043344319,2,2,0.5,0.04251,NA,0,11.61046512,1,1,10,0.146362289,133.6064835,0.127345455,0,0.04029304,0,0,0,0,0,0,0,0,0.95970696,2,0.16887433,0.243634158
RF,585039.744,3,6/3/15,p,0.963133641,0,0.036866359,0,0,0,0.870967742,0.891055046,0.050458716,0.033256881,0.017201835,0.008027523,0,0.621559633,0.783673469,0.066836735,0.056632653,0.071428571,0.006122449,0.015306122,0.294897959,0.711340206,0.120561283,0.063001145,0.067869416,0.018327606,0.018900344,0.167812142,0.667278737,0.138450239,0.070694087,0.074917371,0.022218142,0.026441425,0.107785531,0.629960444,0.165114202,0.061885926,0.088937093,0.027306367,0.026795968,0.07490111,0.57973593,0.198333177,0.066204701,0.087742298,0.032306396,0.035677498,0.054967694,0.559034246,0.199813727,0.059249176,0.104098008,0.035176959,0.042627884,0.043344319,16,17,0.515151515,0.050253333,0.032283,0.314814815,16.2721519,10,4,35,0.185838263,109.8135226,0.127963636,0.096899225,0,0,0,0,0,0,0,0,0,0.903100775,2,0.31821596,0.459088587
WH,8172.817,1,5/23/15,q,0.159817352,0.059360731,0.630136986,0.01369863,0.073059361,0.063926941,0,0.12371134,0.232531501,0.504009164,0.012600229,0.075601375,0.051546392,0,0.108684611,0.339766379,0.346368715,0.020314881,0.087353987,0.097511427,0,0.114425007,0.349010611,0.272440493,0.026096931,0.092056209,0.145970748,0,0.104212454,0.450732601,0.207142857,0.027106227,0.083333333,0.127472527,0,0.104089693,0.508854631,0.161039623,0.022168429,0.075041407,0.128806217,0,0.123572365,0.475659989,0.14435499,0.01862947,0.072083879,0.165699307,9.36E-05,0.134221458,0.460893855,0.12727403,0.019839565,0.07362842,0.184142673,0.000143246,4,13,0.764705882,0.053552125,0.032186667,0.05,14.62977099,2,2,22,0,0.028554249,0,0,0.954983923,0,0,0,0,0,0,0,0,0.045016077,2,0.18357025,0.26483589
WH,8172.817,2,5/26/15,q,0.159817352,0.059360731,0.630136986,0.01369863,0.073059361,0.063926941,0,0.12371134,0.232531501,0.504009164,0.012600229,0.075601375,0.051546392,0,0.108684611,0.339766379,0.346368715,0.020314881,0.087353987,0.097511427,0,0.114425007,0.349010611,0.272440493,0.026096931,0.092056209,0.145970748,0,0.104212454,0.450732601,0.207142857,0.027106227,0.083333333,0.127472527,0,0.104089693,0.508854631,0.161039623,0.022168429,0.075041407,0.128806217,0,0.123572365,0.475659989,0.14435499,0.01862947,0.072083879,0.165699307,9.36E-05,0.134221458,0.460893855,0.12727403,0.019839565,0.07362842,0.184142673,0.000143246,9,12,0.571428571,0.049593333,0.029155714,0,20.83928571,2,2,22,0,1.526462557,0,0,0.861016949,0,0,0,0,0,0,0,0,0.138983051,2,0.403113124,0.581569305
WH,8172.817,3,5/30/15,q,0.159817352,0.059360731,0.630136986,0.01369863,0.073059361,0.063926941,0,0.12371134,0.232531501,0.504009164,0.012600229,0.075601375,0.051546392,0,0.108684611,0.339766379,0.346368715,0.020314881,0.087353987,0.097511427,0,0.114425007,0.349010611,0.272440493,0.026096931,0.092056209,0.145970748,0,0.104212454,0.450732601,0.207142857,0.027106227,0.083333333,0.127472527,0,0.104089693,0.508854631,0.161039623,0.022168429,0.075041407,0.128806217,0,0.123572365,0.475659989,0.14435499,0.01862947,0.072083879,0.165699307,9.36E-05,0.134221458,0.460893855,0.12727403,0.019839565,0.07362842,0.184142673,0.000143246,44,29,0.397260274,0.06811,0.038463333,0.049382716,22.42941176,9,3,30,0,1.111236187,0,0.362369338,0.418118467,0,0,0,0,0,0,0,0,0.219512195,3,1.065290054,0.969668795